[
  {
    "inputs": [
      { "internalType": "address", "name": "_factory", "type": "address" },
      { "internalType": "address", "name": "_wbnb", "type": "address" },
      { "internalType": "bytes32", "name": "_creationCode", "type": "bytes32" }
    ],
    "stateMutability": "nonpayable",
    "type": "constructor"
  },
  {
    "anonymous": false,
    "inputs": [
      { "indexed": true, "internalType": "address", "name": "previousOwner", "type": "address" },
      { "indexed": true, "internalType": "address", "name": "newOwner", "type": "address" }
    ],
    "name": "OwnershipTransferred",
    "type": "event"
  },
  { "inputs": [], "name": "getCreationCode", "outputs": [{ "internalType": "bytes32", "name": "", "type": "bytes32" }], "stateMutability": "view", "type": "function" },
  { "inputs": [], "name": "getFactoryAddress", "outputs": [{ "internalType": "address", "name": "", "type": "address" }], "stateMutability": "view", "type": "function" },
  { "inputs": [], "name": "getWBNBAddress", "outputs": [{ "internalType": "address", "name": "", "type": "address" }], "stateMutability": "view", "type": "function" },
  { "inputs": [], "name": "owner", "outputs": [{ "internalType": "address", "name": "", "type": "address" }], "stateMutability": "view", "type": "function" },
  { "inputs": [], "name": "renounceOwnership", "outputs": [], "stateMutability": "nonpayable", "type": "function" },
  {
    "inputs": [
      { "internalType": "address", "name": "_factory", "type": "address" },
      { "internalType": "bytes32", "name": "_creationCode", "type": "bytes32" }
    ],
    "name": "setFactoryAddress",
    "outputs": [{ "internalType": "bool", "name": "success", "type": "bool" }],
    "stateMutability": "nonpayable",
    "type": "function"
  },
  { "inputs": [{ "internalType": "address", "name": "_wbnb", "type": "address" }], "name": "setWBNBAddress", "outputs": [{ "internalType": "bool", "name": "success", "type": "bool" }], "stateMutability": "nonpayable", "type": "function" },
  {
    "inputs": [
      { "internalType": "uint256", "name": "amountIn", "type": "uint256" },
      { "internalType": "uint256", "name": "amountOutMin", "type": "uint256" },
      { "internalType": "address[]", "name": "path", "type": "address[]" },
      { "internalType": "address", "name": "to", "type": "address" },
      { "internalType": "uint256", "name": "deadline", "type": "uint256" }
    ],
    "name": "swapExactTokensForTokens",
    "outputs": [{ "internalType": "uint256[]", "name": "amounts", "type": "uint256[]" }],
    "stateMutability": "nonpayable",
    "type": "function"
  },
  { "inputs": [{ "internalType": "address", "name": "newOwner", "type": "address" }], "name": "transferOwnership", "outputs": [], "stateMutability": "nonpayable", "type": "function" },
  { "stateMutability": "payable", "type": "receive" }
]
