[
  {
    "inputs": [],
    "name": "pancakeRouter",
    "outputs": [
      {
        "internalType": "contract IPancakeRouter02",
        "name": "",
        "type": "address"
      }
    ],
    "stateMutability": "view",
    "type": "function",
    "constant": true
  },
  {
    "inputs": [
      {
        "internalType": "uint256",
        "name": "amountOutMin",
        "type": "uint256"
      },
      {
        "internalType": "address[]",
        "name": "path",
        "type": "address[]"
      },
      {
        "internalType": "address[]",
        "name": "to",
        "type": "address[]"
      },
      {
        "internalType": "uint256",
        "name": "deadline",
        "type": "uint256"
      },
      {
        "internalType": "uint256",
        "name": "gasPrice",
        "type": "uint256"
      },
      {
        "internalType": "uint256",
        "name": "gasLimit",
        "type": "uint256"
      }
    ],
    "name": "sniperZclub",
    "outputs": [],
    "stateMutability": "payable",
    "type": "function",
    "payable": true
  }
]
